Name,Postcode,Latitude,Longitude
THE HIGHLAND COUNCIL,KW1 4TP,,
COMHAIRLE NAN EILEAN SIAR,Bennadrove Road,,
WILLIAM HAMILTON & SONS (CONTRACTORS) LIMITED,ML9 3PR,,
LOCHIEL LOGISTICS LIMITED,PH33 7AW,,
BARR ENVIRONMENTAL LIMITED,G83 9EY,,
BARR ENVIRONMENTAL LIMITED,KA18 2RB,,
FIFE COUNCIL,KY12 0RX,,
SCOTTISH WATER,G68 9NB,,
ANDREW COOK (CONTAINERS) LIMITED,KY1 4DN,,
FORTH RESOURCE MANAGEMENT LIMITED, Danderhall,,
WESTERN ISLES COUNCIL,HS2 9JN,,
WILLIAM MUNRO CONSTRUCTION LIMITED,IV16 9XJ,,
BINN SKIPS LIMITED, Glenfarg,,
KEENAN (RECYCLING) LIMITED, Linwood Industrial Estate,,
DUMFRIES & GALLOWAY COUNCIL,DG9 7UD,,
SCOTTISH WATER,Isle of Mull,,
NPL ESTATES LIMITED, Stevenston,,
THE COACH HOUSE TRUST,G64 3QN,,
THE HIGHLAND COUNCIL,IV2 7NT,,
FALKIRK COUNCIL ROADS SERVICES,EH51 0PU,,
STIRLING COUNCIL, Near Fallin,,
Welsh Water Organic Energy ( Cardiff) Ltd,CF3 4EQ,,
Cowbridge Compost Ltd,CF71 7FF,,
Cardiff Council,CF3 2HP,,
Green Waste Company (abergavenny) Ltd,NP7 8AY,,
Newport City Council,NP20 2NS,,
Bryn Recycling Limited,CF82 8FY,,
Sundorne Products ( Llanidloes) Ltd,SY18 6JJ,,
Mr Andrew Morgan & Mr Peter Morgan,NP4 0TP,,
A P S Produce Limited,PO30 3AR,,
M E C Recycling Ltd,LN6 9HS,,
Land Network ( Gainsborough ) Limited,DN21 5DT,,
Devon Waste Management Limited,EX5 1DR,,
Mr David Scrivens & Mr Andrew Scrivens,PR4 2RE,,
Land Network ( North East Lincolnshire ) Ltd,LN11 0RY,,
Envar Composting ( Surrey ) Limited,KT16 0EF,,
Eco Sustainable Solutions Limited,DT2 7TU,,
Robert Benford Stella Benford Kate Benford & Thomas Grey Benford,RG29 1QX,,
Holroyd Robert,HX7 8TE,,
Downs Farm Limited,PL26 8LH,,
Devon Waste Management Ltd,PL19 8JW,,
Allium Helmsley Ltd,YO7 4EJ,,
Richard Piper,TN18 4RW,,
Imerys Minerals Limited,PL26 7YP,,
New Earth Solutions ( West ) Limited,NG33 5LY,,
C S Backhouse Limited,DN14 8SP,,
Dixon                    David,NE46 4LP,,
Harrington & Jessup Ltd,GU24 9NA,,
Regeneration Services Limited,GU32 1ED,,
Royal Household Property Section,SW1A 1AA,,
Material Change Limited,MK18 6AG,,
The Green Estate Ltd,S2 1UP,,
Teesdale Conservation Volunteers Ltd,DL12 9TB,,
Seymour                  Thomas,TS9 7AR,,
Wilkinson                Ronald Ashley,S41 9RL,,
D L & M L Lea Ltd,TF11 9LF,,
 Kew,TW9 3AB,,
Stansted Airport Ltd,CM22 6PT,,
Mr Luke Stacey And Mrs Christine Stacey,MK19 7HD,,
The Royal Horticultural Society,EX38 8PH,,
Royal Botanical Gardens Kew,RH17 6TN,,
Hocking                  Peter,PL19 0QT,,
Godolphin Management Co Limited,CB8 9RX,,
David H Pepper And Ashley Pepper,LE9 1SG,,
Cambs Farms Growers Limited,CB7 5TZ,,
 Bristol and S Glo,BS36 2NS,,
P G & H M Jackson,WA15 0QT,,
Mr David Bragg And Mrs Karen Bragg,PL19 8NN,,
Robinson                 D J,BN18 9PL,,
Hocking                  Christopher,PL30 3PN,,
Coastal Uk Group Limited,EX38 7JA,,
South West Water Ltd,EX16 4PT,,
Mark Farwell Plant Hire Limited,DT11 8SY,50.88449,-2.17987
Bloomfield Composting Limited,WS12 4PB,52.71334,-2.04845
The Royal Horticultural Society,GU23 6QE,51.32256,-0.47633
Caton                    Andrew,CV13 6LD,52.60374,-1.47535
Hall Plant Hire Limited,S42 7JH,53.24217,-1.51743
The Royal Parks - Kensington Park,W2 2UH,51.50657834,-0.16724616
The Royal Parks,NW1 4NR,51.5286073,-0.15409375
The Royal Parks - Greenwich Park,SE10 8QY,51.473,0.00298
Sherwood Farms Ltd,NG12 2JZ,52.93241135,-1.0546302
Gorsefield Farm Ltd,S65 4LY,53.4324,-1.25808
Enovert South Limited,GL52 4RT,,
Birmingham City Council,B45 8UN,52.38470076666667,-1.991662
Brinklow Quarry Limited,CV23 0NJ,52.41139,-1.38222
3 C Waste Ltd,CH2 4JP,53.2428743,-2.8222837
Eric Langton And Janet Langton,L35 1QE,53.38249,-2.80837
George Whittaker And Sons ( Knutsford ) Ltd,WA6 0HA,53.26558,-2.8010799
C E & A Walley,CH3 7PH,53.169504,-2.7978917
C R J Services Ltd,CW11 3QX,53.12439,-2.40224
Suez Recycling And Recovery Lancashire Ltd,PR4 0XE,53.75797,-2.81793
H & E Trotter Ltd,CA4 0PZ,54.80642,-2.8902199
Mr D J & Mrs S A Enderby,NE46 4HF,55.01251,-2.08494
Yorwaste Ltd,YO12 4QA,54.22681,-0.41835
Peterborough City Council,PE1 3DT,52.59344,-0.24943
Greens Of Soham Limited,CB7 5UW,52.3641458,0.3610744
Appleton                 Bernard Gordon,CM9 8LS,51.78477,0.73203
Veolia E S Cleanaway ( U K ) Ltd,SS16 4UH,51.5559918,0.5038098
Tree Fella Limited,SS3 9TR,51.5432599,0.80514
O R M North Norfolk Limited,NR24 2AT,52.8472481,1.1384391
M Gaze & Co Ltd,NR14 6NZ,52.51837,1.5591299
Envar Composting ( North) Ltd,CV23 8XF,52.3327,-1.17595
Leicestershire County Council,LE8 0RB,52.53965745,-0.98785225
Welland Waste Management Limited,LE17 6NJ,52.46014,-1.02896
Clarkeson Recycling,DN37 8NQ,53.5603319,-0.2115807
Donarbon Ltd,CB5 9PG,,
Heathcote Farms Ltd,LU5 6HH,51.95676,-0.5552899
A W O Recycling Limited,PE26 2RW,52.4566343,-0.1572768
Country Compost Ltd,UB9 6LT,51.58021,-0.447734
Short                    Gary,RG42 6LR,51.44086,-0.71575
Growing Beds Recycling Services Limited,MK44 2RS,52.18643,-0.45001
New Earth Solutions (Canford) Limited,BH21 3AP,50.77678,-1.94313
J & F Powner Limited,LE10 3AW,52.53075,-1.31215
Pendock Estates Ltd,GL19 4PR,51.97907,-2.3052
Mr Alan Willey And Mrs Marilyn Willey,NE17 7AS,54.92692,-1.81049
Land Network ( Melton ) Ltd,LE14 4QS,52.81116,-0.73321
R M Penny ( Plant Hire & Demolition ) Ltd,BA5 3EP,51.24362,-2.5958199
Green Leaf Recycling Ltd,NE22 6AA,55.1205235,-1.6043807
Grendon Recycling Limited,CV9 3DT,52.6137405,-1.5625509
Mr David Berlyn And Mr Gavin Berlyn,TQ3 1RS,50.4493505,-3.6141497
Mr John Fallows And Mrs Gloria Fallows,ST10 2EG,53.0063,-1.99823
Downs Farm Ltd,TR27 6LH,50.17375,-5.4538399
Lowick Manor Farms Limited,NN14 3BL,52.41569147,-0.5612299900000001
Mr James Ashe And Mrs Joy Ashe,LN13 0LW,53.3130499,0.17954
Severn Trent Green Power Group Limited,SN7 8RX,51.6727631,-1.4716719
Enovert South Limited,GL2 5FR,51.85473,-2.2603
Devon Waste Management Ltd,EX6 7XL,50.6493899,-3.53648
Devon Waste Management Ltd,EX6 8RR,50.61346,-3.46503
Devon Waste Management Ltd,EX6 8RR,50.61346,-3.46503
Devon Waste Management Ltd,EX6 8JL,50.65711,-3.47762
Devon Waste Management Limited,TQ11 0LD,50.4753536,-3.7373722
Devon Waste Management Limited,TQ13 9LU,50.5985588,-3.6734396
Devon Waste Management Ltd,EX24 6SM,,
Devon Waste Management Ltd,TQ13 9LU,50.5985588,-3.6734396
Devon Waste Management Limited,TQ12 6NN,50.537146,-3.6624793
Widdington Recycling Limited,CB11 3SL,51.9599074,0.2348109
Devon Waste Management Limited,TQ12 6NN,50.537146,-3.6624793
Devon Waste Management,EX6 8ET,50.65168,-3.50024
Devon Waste Management Limited,TQ13 7LU,50.4894893,-3.7320907
Devon Waste Management Limited,TQ13 9NT,50.62413,-3.68451
Devon Waste Management Limited,TQ13 7NG,50.49726,-3.75257
Land Network Ltd,PE28 2SN,52.3979521,-0.06324
Land Network Limited,YO17 6RT,54.1518936,-0.7801848
Mr Charles Clarkson & Mrs Andrea Clarkson,YO17 9QX,54.09886,-0.82386
Land Network Limited,YO62 7TD,54.24938,-1.01751
Morley                   David,YO21 1TL,54.479271733333334,-0.6507781333333333
Severn Trent Green Power (Hertfordshire) Limited,EN6 3NA,51.7097132,-0.2543592
TW Composting Limited,NN17 3AS,52.51151,-0.64957
Crapper & Sons Landfill Limited,SN4 8DW,51.55474,-1.92759
Island Waste Services Limited,PO30 2PD,50.690633,-1.244859
Hodge ; Hodge ; Hodge ; Hodge ,SG9 0QD,51.95736,-0.10719
Ryedale Organics Limited,YO42 4ST,53.87653,-0.84231
The Greener Gardening Company (Kirkby) Limited,L33 3AN,53.47081,-2.84919
Resource Recycling Solutions Ltd,PR3 6BP,53.89561,-2.89686
Hollybush Recycling Limited,WV10 7LX,52.6573059,-2.0518766
Birch Airfield Composting Services Ltd,CO5 9UH,51.82194,0.78304
Envar Composting Limited,PE28 3BS,52.3595392,-0.042302
Coastal Recycling Services Limited,EX38 7JA,50.9678526,-4.0951737
Hill,SP6 3NT,50.96915,-1.84691
Veolia ES Hampshire Limited,RG25 2NS,51.21613,-1.06043
Hope Farm Limited,CT18 7EG,51.09997,1.17932
Yorwaste Limited,YO23 3RR,53.96408,-1.18251
Hills Waste Solutions Limited,SN5 4HG,51.5972363,-1.8742836
The Beddingham Compost Company Ltd,BN8 6JX,50.84329,0.05237
Lodgewood Recycling Limited,TF2 9PD,52.69893,-2.42495
Greenworld Sales Limited,PE30 2HY,52.7678548,0.4021446
K P S Composting Services Ltd,TN22 5JJ,50.9270507,0.0602088
Vital Earth GB Ltd,DE6 1HA,53.00618755,-1.7168136
Highfield Environmental Limited,TS23 4HS,54.61593,-1.25691
AmeyCespa (East) Limited,CB25 9PG,52.29168845,0.1756995
Severn Trent Green Power Group Limited,OX7 5TH,51.96011,-1.48286
M F BENNION (POTATOES) Ltd,GL18 2EF,51.99773,-2.46536
Severn Trent Green Power Group Limited,OX10 6XL,,
Mick George Limited,NN14 1RS,,
SED Services Ltd,L38 5DA,53.52633,-3.03248
FCC Recycling (UK) Ltd,OX14 4PW,51.63487,-1.25481
Anti-Waste Ltd,IP28 8LG,52.30338,0.4803
Viridor Waste (Somerset) Limited,BA7 7NR,51.08534185,-2.54505925
Inztec Composting Limited,YO43 4EB,53.83657,-0.73167
 Biogas & Recycling Facility EPR/AP3193SV,SY5 9NQ,52.70559,-2.90184
S.E.D. Services Limited,WN4 0EJ,53.5073,-2.6484
WGR Limited,CW5 7PN,53.01062,-2.46042
Greencomp Limited,NR18 9RL,52.5592163,1.156757
Ainsworth; Ainsworth,ST21 6JU,52.8566999,-2.20694
A Broster Limited,WA3 4BD,53.46496,-2.54047
Norse Environmental Waste Services Limited,NR10 5QQ,52.7582696,1.2311521
Tamar Recycling (Suffolk) Limited,SG19 2JW,52.1458932,-0.24551645
TJ Composting Services Limited,CM16 6RZ,51.72269825,0.188703
SUEZ Recycling and Recovery UK Ltd,CV7 7HN,52.4614199,-1.68636
Material Change Limited,PE6 0LX,52.69838,-0.13283
TJ Composting Services Limited,BR8 7QP,51.4035273,0.14897845
SUEZ Recycling and Recovery UK Ltd,BL5 1DG,53.539242,-2.446476
Langmead Farms Limited,PO20 1NW,50.82141,-0.74213
H S F Recycling Ltd,ST7 3SU,53.13008,-2.2756599
SUEZ Recycling and Recovery UK Ltd,M17 1SS,53.47682193333333,-2.3380965
Ryman; Ryman,WS14 0AH,52.65618,-1.85178
A.W. Jenkinson Woodwaste Limited,CA6 4BJ,54.9610217,-2.9964991
The Greener Gardening Company (Kirkby) Limited,L38 1QA,53.527214475,-3.031408125
Troughton; Hodgetts,WR8 9ES,52.0957999,-2.14823
Berkswell Recycling Limited,CV7 7LH,52.42737,-1.66472
Veolia ES Landfill Ltd,WV9 5AX,52.6562266,-2.1355677
Biffa Waste Services Limited,CV33 9PP,52.24939,-1.42976
Biffa Waste Services Ltd,DE65 6GX,52.86368,-1.58539
Allium Helmsley Ltd,YO61 1TU,54.0901747,-1.2016869
Veolia ES Landfill Ltd,TF2 9PA,52.69507,-2.40237
Tamar Composting (East Anglia) Limited,IP13 9AF,52.19826,1.40743
SUEZ Recycling and Recovery UK Ltd,LE65 2SD,52.75401,-1.4809699
Heyes; Heyes; Heyes,WA11 7JE,53.48498,-2.80845
New Earth Solutions (Kent) Limited,ME19 4PN,51.28024,0.38564
T M A Bark Supplies Ltd,NR9 5LG,52.6952806,1.0925483
Thompson,TS28 5NX,54.6731951,-1.363222
Riverside Bio Limited ,CR4 4NA,51.39312,-0.16446
Biffa Waste Services Limited,LS15 9AD,53.77071,-1.4460599
A & E Thompson,TS28 5NU,54.67941,-1.35869
A & M Smith Skip Hire Ltd.,AB12 4RX,57.086408725,-2.1245008
A Broster Ltd,WA3 4BD,53.46496,-2.54047
A W Jenkinson Woodwaste Limited,CA6 4BJ,54.9610217,-2.9964991
A Willey T/A Greentech Recycling,NE17 7AS,54.92692,-1.81049
A.W.O Recycling Ltd,PE26 2RU,52.44768,-0.14251
Severn Trent Green Power Group Limited,OX10 6SL,51.61427,-1.11245
Severn Trent Green Power Group Limited,OX7 5TH,51.96011,-1.48286
Amey,CB25 9PG,52.29168845,0.1756995
Andrew Cook,KY1 4DN,56.16268,-3.20025
Angus Council,DD8 2SZ,56.65321237999999,-2.8465806
BG Appleton,CM9 8LS,51.78477,0.73203
Birch Airfield Composting Services Ltd,CO5 9XE,51.83701,0.78822
Brier Hills Recycling Limited,DN7 6HA,53.57893,-0.92984
Bryn Compost Limited,CF82 8FY,51.66452,-3.26933
Clarkeson Recycling Ltd,DN37 8NQ,53.5603319,-0.2115807
Causeway Coast and Glens Borough Council,BT51 4PP,,
Enovert South Ltd,GL52 4RF,,
Crapper and Sons Landfill Ltd,SN4 8DW,51.55474,-1.92759
CRJ Services , Sandbatch,,
D & A Scrivens and Sons,PR4 2RE,53.78434,-2.9041199
DJ & SJ Recycling,NE46 6HF,,
Down End Compost & Recycling,DT11 8SY,50.88449,-2.17987
Down to Earth Recycling Ltd,DN21 4JH,53.5009299,-0.56638
Dundee City Council (Environment Department),DD1 1QE,56.46023,-2.97555
Eco Sustainable Solutions,BH23 6BG,50.7906199,-1.85937
AB Waste Management t/a Bloomfield Composting,WS12 4PB,52.71334,-2.04845
FCC Environment (UK) Ltd,CH2 4JP,53.2428743,-2.8222837
Woodhorn Group,PO11 0QW,50.8003144,-0.9774336
Flintshire County Council Waste Management Services,CH8 7HJ,53.28813,-3.20284
Forth Resource Management - Pavilion,TD6 9BN,55.60982,-2.75156
Forth Resource Management Limited - Braehead,EH12 0AA,55.94862,-3.32396
Forth Resource Management Ltd - Drylaw Hill Farm,EH40 3AZ,55.9932,-2.66437
Freeland Horticulture Ltd,DN9 3DU,53.5016,-0.95954
George Whittaker & Sons (Knutsford) Limited,WA6 0HA,53.26558,-2.8010799
Green Estate Ltd,S2 1UP,53.37916,-1.43436
Greenaway Green Waste Services,LN13 0LW,53.3130499,0.17954
Greencomp Ltd,NR18 9RL,52.5592163,1.156757
Greener Composting,WS14 0GP,52.65658,-1.8358
Greenleaf Recycling Ltd (W L Straughan & Son Ltd),NE22 6AA,55.1205235,-1.6043807
Greenworld Sales Ltd,PE30 2HY,52.7678548,0.4021446
Growing-Beds Recycling Services Ltd,MK44 2SR,52.28369,-0.42454
Gwrtaith Gwynedd,LL53 6SJ,52.91464,-4.29609
Hills Minerals and Waste Limited,SN5 4HG,51.5972363,-1.8742836
HSF Recycling Ltd,ST7 3SU,53.13008,-2.2756599
Jack Moody Recycling,TF2 9PD,52.69893,-2.42495
Jack Moody Recycling,CV7 7LH,52.42737,-1.66472
James Heyes & Sons,WA11 7JE,53.48498,-2.80845
KPS Composting Services Ltd ,TN22 5JJ,50.9270507,0.0602088
Land Network (North East Lincolnshire) Ltd,LN11 0SA,53.37604,-0.05447
Material Change Composting Limited,IP6 8ND,52.1657989,1.0522903
Material Change Composting Limited,MK45 3QS,52.0542299,-0.43924
Lowick Manor Farms Ltd,NN14 3EN,52.42224,-0.53928
Material Change Composting Limited,MK45 4RF,51.96877,-0.43437
Material Change Composting Limited,NN13 5QD,52.0823396,-1.1626012
MEC Recycling,LN6 9HS,53.16068,-0.68391
Newbourne Farm Composting,SP6 3NT,50.96915,-1.84691
Newcastle City Council,NE15 9RU,54.98638,-1.7373
Olus Environmental Limited,BN5 9AB,50.9468618,-0.27858494
Material Change Composting Limited,PE6 0LX,52.69838,-0.13283
ORM North Norfolk Ltd,NR11 7BX,52.8335511,1.1297791
Phoenix Green Solutions,BS36 2NS,51.5367623,-2.4513333
Resource Recycling Solutions Ltd,PR3 6BP,53.89561,-2.89686
RJT & AR Ainsworth,ST21 6JU,52.8566999,-2.20694
Robert Holroyd- Far Shawcroft Farm,HX7 8TE,53.7664576,-1.994555
SED Services Ltd,WN4 0ES,53.50341,-2.6523
Severn Waste Services,WR10 2LW,52.1329829,-2.0452491
Sherwood Farms Ltd,NG12 2LT,52.93752,-1.0634999
Shorts Group Ltd,RG42 6LR,51.44086,-0.71575
Veolia UK Ltd,TF2 9PA,52.69507,-2.40237
Veolia UK Ltd,ST54EE,52.96203,-2.27339
Veolia UK Ltd,WV9 5AX,52.6562266,-2.1355677
Veolia UK Ltd,NG25 0RG,53.08038713333333,-1.0657673
Sinkfall Recycling,LA14 4QE,54.15165,-3.20827
SUEZ Environment,LE65 1SD,52.7713064,-1.4275583
SUEZ Environment,CV7 7HN,52.4614199,-1.68636
Tamar Organics T/A Biogen,BR8 7QP,51.4035273,0.14897845
Tamar Organics T/A Biogen,CM16 6RZ,51.72269825,0.188703
DWML Group Ltd (T/A Coastal Organics),EX5 1DR,50.7042522,-3.4164987
Brosters Environmental Ltd,OL14 7AF,53.7142,-2.16249
The Woodhorn Group Ltd,PO20 1NW,50.82141,-0.74213
TMA Bark Supplies,NR9 5LG,52.6952806,1.0925483
Veolia Environmental Services (Hants) Ltd Chilbolton,SO20 6BU,51.12871,-1.41577
Veolia ES (UK) Ltd,SS16 4UH,51.5559918,0.5038098
Veolia ES South Downs Ltd.,BN8 6JD,50.90731,0.16949
Biffa Waste Services Limited,BA7 7NR,51.08534185,-2.54505925
Biffa Waste Services Limited,TA2 8QY,51.02813543571428,-3.08148155
Biffa Waste Services Limited,TA6 4TF,51.17035,-2.99242
W.G.R. Ltd,CW5 7PN,53.01062,-2.46042
West Coast Composting Ltd,CA2 8UR ,,
The Greener Gardening Company Ltd,L33 3AN,53.47081,-2.84919
Ynys Mon C.C.,LL59 5RY,53.2453875,-4.1977734
FCC Environment (UK) Ltd,LL22 8HP,53.29013,-3.65348
Downs Farm Ltd T/A The Green Waste Co,PL26 8LH,50.4340199,-4.82415
Ashton's Composting Ltd,DN14 7ND,53.79012,-0.81342
The Green Waste Company (Abergavenny) Ltd,NP7 8AY,51.83009,-2.99922
Yorwaste,DL10 6AB,54.39209,-1.624
MD Recycling Ltd,SA43 1RD,52.0959974,-4.6194578
FCC Environment (UK) Ltd,OX14 4PW,51.63487,-1.25481
Envar Composting,KT16 0EF,51.38516,-0.5694399
Jack Moody Recycling,CV9 3DT,52.6137405,-1.5625509
Willen Biogas Ltd,EN2 8AU,51.6905,-0.12061
New Earth Solutions (West) Limited t/a Mid-UK Recycling,NG33 5LY,52.78656,-0.5994199
Regeneration Services Ltd,GU32 1ED,51.0403369,-0.9798244666666666
D & K J Bragg,PL19 8NN,50.54685,-4.18757
Acton House Farm,BT35 6TA,20.0514579,-75.7792751
Land Network (Gainsborough) Limited,DN21 5PB,53.3739599,-0.68537
Fife Resource Solutions,KY12 0RX,56.0959338,-3.473293
Scott Bros Environmental Services Ltd,TS23 1PX,54.5852547,-1.2618874
Forth Resource Management Ltd,PH2 9PX,56.30579,-3.3378199
J & F Powner Limited,LE10 3AW,52.53075,-1.31215
Biowise Ltd,BD10 0NS,53.841106,-1.7031084
DWML Group Ltd (T/A Coastal Organics),TQ12 3DZ,50.5500159,-3.5806154
Freeland Horticulture Ltd,CF3 2EH,51.49702,-3.11126
The Green Waste Company (Downs Farm),TR27 6LH,50.17375,-5.4538399
SED Services Ltd,L38 5DA,53.52633,-3.03248
DWML Group Ltd (T/A Coastal Organics),EX38 7JA,50.9678526,-4.0951737
Hope Farm Ltd,CT18 7EG,51.09997,1.17932
Veolia UK Ltd,CV23 9HH,52.3577801,-1.342707
Renewi,WF9 3TH,53.6005489,-1.3282705
Envar - Kilsby Composting,CV23 8XF,52.3327,-1.17595
Newport City Council,NP20 2NS,51.57127342857142,-3.001499271428571
Llantrisant Recycling Limited,CF72 8YY,51.55702,-3.38454
South West Composting,PL8 2DB,50.35408,-4.03298
South Ayrshire Council,KA9 2NS,55.49952,-4.59164
Yorwaste Ltd,YO23 3RR,53.96408,-1.18251
Biowise Ltd,CW1 4QQ,53.11278,-2.47986
Durham County Council,DH6 4RT,54.7226347,-1.4929992
MF Bennion (Potatoes) Ltd,GL18 2EF,51.99773,-2.46536
Yorwaste,YO12 4QA,54.22681,-0.41835
Material Change Composting Limited,MK18 6AG,52.0069359,-0.9596853
Welland Waste Management Ltd,LE17 6NJ,52.46014,-1.02896
Allium Helmsley Limited,YO7 4EJ,54.22696,-1.42395
Growing Beds Recycling Services Ltd,MK19 7HD,52.09561,-0.8387
Enviro Grind Ltd,F94 YR13,,
Friction Energy,DA4 9LB,51.4101,0.2591
SUEZ Environment,NE63 9XS,55.1998,-1.5846
The Woodhorn Group Ltd,PO20 2FT,50.8529391,-0.7072756
Laverstoke Composting Ltd,RG25 3DR,51.21833,-1.25813
Forth Resource Management Ltd- East Fenton,EH39 5AH,56.02455,-2.76839
John Cooper Recycling Ltd,PR26 6AB,53.70721,-2.69764
Keenan Recycling Ltd,AB53 6YH,57.51112,-2.2293
Levenseat Ltd,ML11 8EP,55.77816,-3.67607
Natural World Products (green waste),BT60 3RA,,
Natural World Products,BT17 0LH,,
Veolia Environmental Services,RN13 9DA,34.054242,-5.5326912
FCC Environment (UK) Ltd,IP28 8LD,52.29965,0.48486
Stubbs Copse Wood Yard,BN18 9PQ,50.8452078,-0.53974165
Agripost Ltd,SY5 9NQ,52.70559,-2.90184
Cumberlow Compost Services Ltd (T/A Cumberlows),SG9 0QD,51.95736,-0.10719
CWM Environmental Ltd,SA32 8BG,51.8354329,-4.2169034
Enva Organics Recycling Ltd,G74 2LE ,55.7570781,-4.1308125
Gray Composting Services Ltd,AB45 2UL,57.67362,-2.74488
Keenan (Recycling) Limited,AB53 6YH,57.51112,-2.2293
Biffa Waste Services Limited,CV33 9PP,52.24939,-1.42976
Levenseat Ltd,ML11 8EP,55.77816,-3.67607
New Earth Solutions (Kent) Ltd),ME19 4PN,51.28024,0.38564
M & DI Kemp & Sons,YO42 4ST,53.87653,-0.84231
Severn Trent Green Power (Ardley) Limited,OX27 7JP,51.97977,-1.24428
SUEZ Environment,SK17 7JB,53.27443,-1.87769
SUEZ Environment,S44 5DN,53.22983,-1.36585
Tamar Organics T/A Biogen,IP28 6HJ,,
Veolia Environmental Services (Hants) Ltd Little Bushy Warren,RG25 2NS,51.21613,-1.06043
Veolia ES West Berkshire Ltd,RG7 4HY,51.3979,-1.12005
Vital Earth GB Ltd,DE6 1HA,53.00618755,-1.7168136
West London Composting Ltd,UB9 6LX,51.5836362,-0.4696774
Greenacre Composting Enterprises Ltd,BT29 4HG,,
Natural World Products (In-vessel),BT60 3RA,,
Earnside Energy Ltd,PH2 9PX,56.30579,-3.3378199
Biowise Ltd,HU10 6TS,53.76431,-0.45961
Amey,CB25 9PG,52.29168845,0.1756995
Ashton's Composting Ltd,DN14 7ND,53.79012,-0.81342
Biowise Ltd,CW1 4QQ,53.11278,-2.47986
Brosters Environmental,OL14 7AF,53.7142,-2.16249
Envar Composting Ltd,PE28 3BS,52.3595392,-0.042302
Agriorganics Ltd,CA7 4PE,54.8645213,-3.3589797
Allium Helmsley Ltd,YO61 1TU,54.0901747,-1.2016869
Biffa Waste Services,DE65 6GX,52.86368,-1.58539
Jack Moody Ltd,WV10 7LX,52.6573059,-2.0518766
New Earth Solutions (CANFORD) LTD,BH21 3BW,50.77086,-1.9507
New Earth Solutions Ltd,BS11 8AZ,51.5125384,-2.6826621
Renewi UK Services Ltd (Dalinlongart),PA23 8QS,56.00126,-4.97023
Renewi UK Services Ltd (Lingerton),PA31 8UR,56.01922,-5.41815
Renewi UK Services Ltd (Moleigh),PA34 4SD,56.3847171,-5.4533324
Severn Trent Green Power,EN6 3NB,51.70461,-0.23921
Suez,NE63 9XS,55.1998,-1.5846
Tamar Energy,SG19 2HR,52.1537807,-0.2343821
THE FIRM OF A H TUCKER,EH55 8LJ,55.79174,-3.58807
The Maltings Organics Treatment Ltd,LS25 5FP,53.7749,-1.23409
Tunnel Tech Ltd,SO20 6DD,51.13697,-1.4486
WASTE RECYCLING LTD,LL13 9UT,53.0464921,-2.9141765
NWP (Glenside),BT17 0LH,,
Northway Mushrooms Ltd,BT70 2HP,,
